Corbyn,Brookes
Smith,Brookes
Jones,Brookes
Williams,Brookes
Brown,Brookes
Taylor,Brookes
Davies,Brookes
Wilson,Brookes
Evans,Brookes
Thomas,Brookes
Johnson,Brookes
Roberts,Brookes
Walker,Brookes
Wright,Brookes
Thompson,Brookes
Robinson,Brookes
White,Brookes
Hughes,Brookes
Edwards,Brookes
Hall,Brookes
Green,Brookes
Martin,Brookes
Wood,Brookes
Lewis,Brookes
Harris,Brookes
Clarke,Brookes
Jackson,Brookes
Clark,Brookes
Turner,Brookes
Scott,Brookes
Hill,Brookes
Moore,Brookes
Cooper,Brookes
Ward,Brookes
Morris,Brookes
King,Brookes
Watson,Brookes
Harrison,Brookes
Morgan,Brookes
Baker,Brookes
Young,Brookes
Patel,Brookes
Allen,Brookes
Anderson,Brookes
Mitchell,Brookes
Phillips,Brookes
James,Brookes
Campbell,Brookes
Bell,Brookes
Lee,Brookes
Kelly,Brookes
Parker,Brookes
Davis,Brookes
Bennett,Brookes
Miller,Brookes
Price,Brookes
Shaw,Brookes
Cook,Brookes
Simpson,Brookes
Griffiths,Brookes
Richardson,Brookes
Stewart,Brookes
Marshall,Brookes
Collins,Brookes
Carter,Brookes
Bailey,Brookes
Murphy,Brookes
Gray,Brookes
Murray,Brookes
Cox,Brookes
Adams,Brookes
Richards,Brookes
Graham,Brookes
Ellis,Brookes
Wilkinson,Brookes
Foster,Brookes
Robertson,Brookes
Chapman,Brookes
Russell,Brookes
Mason,Brookes
Webb,Brookes
Powell,Brookes
Rogers,Brookes
Gibson,Brookes
Hunt,Brookes
Holmes,Brookes
Mills,Brookes
Owen,Brookes
Palmer,Brookes
Matthews,Brookes
Reid,Brookes
Thomson,Brookes
Fisher,Brookes
Barnes,Brookes
Knight,Brookes
Lloyd,Brookes
Harvey,Brookes
Jenkins,Brookes
Barker,Brookes
Butler,Brookes
Pearson,Brookes
Stevens,Brookes
Dixon,Brookes
Hunter,Brookes
Begum,Brookes
Fletcher,Brookes
Khan,Brookes
Grant,Brookes
Ross,Brookes
Elliott,Brookes
Johnston,Brookes
Hamilton,Brookes
Henderson,Brookes
Andrews,Brookes
Reynolds,Brookes
Fox,Brookes
Howard,Brookes
Ford,Brookes
Bradley,Brookes
Saunders,Brookes
Payne,Brookes
Armstrong,Brookes
Singh,Brookes
West,Brookes
Walsh,Brookes
Pearce,Brookes
Day,Brookes
Dawson,Brookes
Brooks,Brookes
Atkinson,Brookes
Cole,Brookes
Kennedy,Brookes
Lawrence,Brookes
MacDonald,Brookes
Burns,Brookes
McDonald,Brookes
Ball,Brookes
Hussain,Brookes
Burton,Brookes
Williamson,Brookes
Spencer,Brookes
Gill,Brookes
Booth,Brookes
Rose,Brookes
Davidson,Brookes
Webster,Brookes
Ali,Brookes
Perry,Brookes
Watts,Brookes
Morrison,Brookes
Hart,Brookes
Kaur,Brookes
Wells,Brookes
Dunn,Brookes
Wallace,Brookes
Woods,Brookes
Stevenson,Brookes
Porter,Brookes
Rees,Brookes
Hudson,Brookes
Ferguson,Brookes
Gordon,Brookes
Hayes,Brookes
Lowe,Brookes
Carr,Brookes
Newman,Brookes
Page,Brookes
Berry,Brookes
Barrett,Brookes
Gregory,Brookes
Francis,Brookes
Oliver,Brookes
Marsh,Brookes
Gardner,Brookes
Stone,Brookes
Holland,Brookes
Riley,Brookes
Parsons,Brookes
Newton,Brookes
Ahmed,Brookes
Hawkins,Brookes
Black,Brookes
Fraser,Brookes
Bird,Brookes
Harding,Brookes
Reed,Brookes
Ryan,Brookes
Nicholson,Brookes
Kerr,Brookes
Cooke,Brookes
Dean,Brookes
Shepherd,Brookes
Harper,Brookes
Cunningham,Brookes
Bates,Brookes
Burgess,Brookes
Quinn,Brookes
Lane,Brookes
Sharp,Brookes
Walton,Brookes
Bishop,Brookes
Parry,Brookes
Cross,Brookes
Robson,Brookes
Duncan,Brookes
Warren,Brookes
Long,Brookes
Freeman,Brookes
Chambers,Brookes
Sutton,Brookes
Yates,Brookes
Nicholls,Brookes
Hodgson,Brookes
Curtis,Brookes
Higgins,Brookes
Hopkins,Brookes
Nelson,Brookes
Coleman,Brookes
Paterson,Brookes
Moss,Brookes
Baxter,Brookes
Potter,Brookes
Douglas,Brookes
Cameron,Brookes
Watkins,Brookes
Hutchinson,Brookes
Jordan,Brookes
Hardy,Brookes
Osborne,Brookes
Alexander,Brookes
Wheeler,Brookes
Griffin,Brookes
Gallagher,Brookes
May,Brookes
Willis,Brookes
Byrne,Brookes
George,Brookes
Crawford,Brookes
Pritchard,Brookes
Allan,Brookes
Gilbert,Brookes
Slater,Brookes
Lawson,Brookes
Hewitt,Brookes
Rowe,Brookes
Hammond,Brookes
Miles,Brookes
Read,Brookes
Shah,Brookes
Doyle,Brookes
Barber,Brookes
Mann,Brookes
Arnold,Brookes
Stephenson,Brookes
Lynch,Brookes
Austin,Brookes
Burke,Brookes
Todd,Brookes
Walters,Brookes
Goodwin,Brookes
Craig,Brookes
Frost,Brookes
McCarthy,Brookes
Kemp,Brookes
Morton,Brookes
Buckley,Brookes
Whitehead,Brookes
Lambert,Brookes
Middleton,Brookes
Barton,Brookes
Patterson,Brookes
Woodward,Brookes
Barnett,Brookes
Blake,Brookes
Fowler,Brookes
Banks,Brookes
Stephens,Brookes
Clayton,Brookes
Greenwood,Brookes
Bond,Brookes
Poole,Brookes
Jennings,Brookes
Nash,Brookes
Holt,Brookes
MacKenzie,Brookes
Fleming,Brookes
Sullivan,Brookes
Heath,Brookes
Tucker,Brookes
French,Brookes
Sinclair,Brookes
Duffy,Brookes
McLean,Brookes
Norman,Brookes
Doherty,Brookes
Jarvis,Brookes
Stokes,Brookes
Preston,Brookes
Lamb,Brookes
Boyle,Brookes
Kirk,Brookes
Little,Brookes
Knowles,Brookes
Donnelly,Brookes
Barlow,Brookes
Gibbs,Brookes
Hartley,Brookes
Lucas,Brookes
Stanley,Brookes
Hayward,Brookes
Dickinson,Brookes
Boyd,Brookes
Norris,Brookes
Carroll,Brookes
Smart,Brookes
Burrows,Brookes
Thornton,Brookes
Briggs,Brookes
Simmons,Brookes
Peters,Brookes
Field,Brookes
Skinner,Brookes
Hancock,Brookes
Bruce,Brookes
Townsend,Brookes
Baldwin,Brookes
Parkinson,Brookes
Holden,Brookes
Savage,Brookes
Abbott,Brookes
Noble,Brookes
Steele,Brookes
Davison,Brookes
Reeves,Brookes
Rhodes,Brookes
Akhtar,Brookes
Law,Brookes
Glover,Brookes
Kay,Brookes
Tomlinson,Brookes
Howe,Brookes
Sanders,Brookes
Dale,Brookes
Thorpe,Brookes
Ashton,Brookes
Perkins,Brookes
Davey,Brookes
Weston,Brookes
Vaughan,Brookes
McKenzie,Brookes
Fuller,Brookes
Bryant,Brookes
MacKay,Brookes
Cartwright,Brookes
Henry,Brookes
Kent,Brookes
Birch,Brookes
Whittaker,Brookes
Dobson,Brookes
Bartlett,Brookes
Morley,Brookes
McLaughlin,Brookes
Millar,Brookes
Howell,Brookes
Bull,Brookes
Dickson,Brookes
Pugh,Brookes
Brennan,Brookes
Sanderson,Brookes
Archer,Brookes
Goddard,Brookes
Short,Brookes
Johnstone,Brookes
Kirby,Brookes
Wilkins,Brookes
Bradshaw,Brookes
Farrell,Brookes
Hicks,Brookes
Humphreys,Brookes
Sutherland,Brookes
Bolton,Brookes
Connolly,Brookes
Daniels,Brookes
Bowen,Brookes
Warner,Brookes
Waters,Brookes
McKay,Brookes
Pratt,Brookes
Bentley,Brookes
Brookes,Brookes
Dodd,Brookes
Wade,Brookes
Schofield,Brookes
Atkins,Brookes
Butcher,Brookes
Coates,Brookes
Clements,Brookes
Gould,Brookes
Turnbull,Brookes
Flynn,Brookes
Haynes,Brookes
Sheppard,Brookes
Milne,Brookes
Wall,Brookes
Gardiner,Brookes
Giles,Brookes
Dyer,Brookes
Owens,Brookes
Smyth,Brookes
Hooper,Brookes
Rice,Brookes
Watt,Brookes
Sykes,Brookes
Houghton,Brookes
John,Brookes
Lindsay,Brookes
Ritchie,Brookes
McCann,Brookes
Gibbons,Brookes
Spence,Brookes
Manning,Brookes
McKenna,Brookes
Coles,Brookes
Moran,Brookes
Hobbs,Brookes
Peacock,Brookes
Herbert,Brookes
Winter,Brookes
Franklin,Brookes
Leach,Brookes
Sharpe,Brookes
Connor,Brookes
Munro,Brookes
Horton,Brookes
Conway,Brookes
Brady,Brookes
Finch,Brookes
Naylor,Brookes
Hogg,Brookes
Pickering,Brookes
Randall,Brookes
Hale,Brookes
Reilly,Brookes
MacLeod,Brookes
Garner,Brookes
Carpenter,Brookes
Miah,Brookes
Joyce,Brookes
Marsden,Brookes
Welsh,Brookes
Hutton,Brookes
Best,Brookes
Bowden,Brookes
Simmonds,Brookes
Hirst,Brookes
Barry,Brookes
Neal,Brookes
Rowlands,Brookes
Ratcliffe,Brookes
Cowan,Brookes
Bullock,Brookes
McGregor,Brookes
Webber,Brookes
Cassidy,Brookes
Weaver,Brookes
Groves,Brookes
Clifford,Brookes
Greaves,Brookes
Vickers,Brookes
Tait,Brookes
Thorne,Brookes
Bateman,Brookes
Buchanan,Brookes
Massey,Brookes
Goodman,Brookes
Bradbury,Brookes
Hodges,Brookes
Montgomery,Brookes
Horne,Brookes
Waller,Brookes
Hood,Brookes
Wills,Brookes
Forrest,Brookes
Charles,Brookes
Bowman,Brookes
Sadler,Brookes
Love,Brookes
Jacobs,Brookes
Wild,Brookes
Docherty,Brookes
Marriott,Brookes
Dalton,Brookes
Corbett,Brookes
Terry,Brookes
Curran,Brookes
Kenny,Brookes
Steel,Brookes
Guest,Brookes
Stubbs,Brookes
Devlin,Brookes
McCabe,Brookes
Guy,Brookes
Casey,Brookes
McLeod,Brookes
Mercer,Brookes
Beaumont,Brookes
Shields,Brookes
Cummings,Brookes
Underwood,Brookes
McGowan,Brookes
Beckett,Brookes
Woolley,Brookes
Stacey,Brookes
Proctor,Brookes
Hills,Brookes
Rayner,Brookes
McBride,Brookes
Crook,Brookes
Whyte,Brookes
Drew,Brookes
Moody,Brookes
Gillespie,Brookes
Woodcock,Brookes
Adamson,Brookes
Ramsay,Brookes
Oakley,Brookes
Lock,Brookes
Beard,Brookes
Hobson,Brookes
Firth,Brookes
Aitken,Brookes
Parr,Brookes
Callaghan,Brookes
Neale,Brookes
Clarkson,Brookes
Johns,Brookes
Reeve,Brookes
Draper,Brookes
Kendall,Brookes
Barnard,Brookes
Beck,Brookes
Haines,Brookes
Rahman,Brookes
Langley,Brookes
Mooney,Brookes
Lawton,Brookes
Harrington,Brookes
Prince,Brookes
Platt,Brookes
McCormick,Brookes
Seymour,Brookes
Prior,Brookes
Jeffery,Brookes
Lacey,Brookes
Andrew,Brookes
Lister,Brookes
Humphrey,Brookes
Nichols,Brookes
Brewer,Brookes
Rutherford,Brookes
Wilkes,Brookes
Bacon,Brookes
Partridge,Brookes
Dodds,Brookes
Garrett,Brookes
Hubbard,Brookes
Rooney,Brookes
Betts,Brookes
Bourne,Brookes
Plant,Brookes
Wheatley,Brookes
Irving,Brookes
Sutcliffe,Brookes
Woodhouse,Brookes
Dyson,Brookes
McFarlane,Brookes
Hull,Brookes
Ashworth,Brookes
Brook,Brookes
Orr,Brookes
Burt,Brookes
Lancaster,Brookes
Rae,Brookes
Haigh,Brookes
Leigh,Brookes
Gee,Brookes
McAllister,Brookes
Nicholas,Brookes
MacKie,Brookes
Marks,Brookes
Waite,Brookes
Latham,Brookes
Meredith,Brookes
Drake,Brookes
Salmon,Brookes
Cannon,Brookes
Ireland,Brookes
Harwood,Brookes
Britton,Brookes
Iqbal,Brookes
Bedford,Brookes
Keenan,Brookes
Stanton,Brookes
Foley,Brookes
Goodall,Brookes
Street,Brookes
Gunn,Brookes
Emery,Brookes
Crane,Brookes
MacLean,Brookes
Baird,Brookes
Cotton,Brookes
Croft,Brookes
English,Brookes
Stafford,Brookes
Baines,Brookes
Stott,Brookes
Lake,Brookes
Milner,Brookes
McKeown,Brookes
Halliday,Brookes
Dutton,Brookes
Wilcox,Brookes
Bowers,Brookes
Bush,Brookes
Tate,Brookes
Mead,Brookes
Cope,Brookes
Brett,Brookes
Fenton,Brookes
Mahmood,Brookes
Wong,Brookes
Findlay,Brookes
McCormack,Brookes
Devine,Brookes
Lang,Brookes
Hodge,Brookes
Whittle,Brookes
Aldridge,Brookes
England,Brookes
Grainger,Brookes
Lovell,Brookes
Mullen,Brookes
Chan,Brookes
Kidd,Brookes
Paton,Brookes
Mortimer,Brookes
Whitfield,Brookes
Butt,Brookes
Newell,Brookes
Knox,Brookes
Wainwright,Brookes
Carson,Brookes
Westwood,Brookes
Barclay,Brookes
Mohammed,Brookes
Head,Brookes
Sewell,Brookes
Flanagan,Brookes
Haywood,Brookes
Houston,Brookes
Keen,Brookes
Whiting,Brookes
Searle,Brookes
Cousins,Brookes
McNally,Brookes
Needham,Brookes
Ray,Brookes
Clegg,Brookes
Richmond,Brookes
Butterworth,Brookes
Childs,Brookes
Swan,Brookes
Hatton,Brookes
Hickman,Brookes
Tanner,Brookes
Salter,Brookes
Swain,Brookes
Roe,Brookes
Stringer,Brookes
Cochrane,Brookes
Dunne,Brookes
Lockwood,Brookes
Senior,Brookes
Forsyth,Brookes
Wakefield,Brookes
Bradford,Brookes
Davenport,Brookes
Malik,Brookes
McGuire,Brookes
Armitage,Brookes
Nicol,Brookes
Bain,Brookes
Radford,Brookes
Ridley,Brookes
Chappell,Brookes
Whelan,Brookes
Patrick,Brookes
Darby,Brookes
Church,Brookes
Preece,Brookes
Atherton,Brookes
Howes,Brookes
Ellison,Brookes
Healey,Brookes
Mansfield,Brookes
Mather,Brookes
Drummond,Brookes
Ryder,Brookes
Singleton,Brookes
Blackwell,Brookes
Bayliss,Brookes
Coyle,Brookes
Crossley,Brookes
McLoughlin,Brookes
Laing,Brookes
Daniel,Brookes
Downes,Brookes
Crowther,Brookes
Hodson,Brookes
Robbins,Brookes
McManus,Brookes
Bannister,Brookes
Buck,Brookes
Chalmers,Brookes
Gorman,Brookes
Roper,Brookes
Hallam,Brookes
Bland,Brookes
Sawyer,Brookes
Cain,Brookes
Biggs,Brookes
Donovan,Brookes
McLaren,Brookes
Pitt,Brookes
Kershaw,Brookes
Bright,Brookes
Masters,Brookes
Denton,Brookes
Edge,Brookes
McConnell,Brookes
Wardle,Brookes
Whitaker,Brookes
Sloan,Brookes
Doran,Brookes
Coulson,Brookes
Nunn,Brookes
Rushton,Brookes
Warburton,Brookes
Regan,Brookes
Calvert,Brookes
Slade,Brookes
Galloway,Brookes
Barrow,Brookes
Piper,Brookes
Ogden,Brookes
Arthur,Brookes
Monaghan,Brookes
Irwin,Brookes
Appleby,Brookes
Cowley,Brookes
Boyce,Brookes
Curry,Brookes
Joseph,Brookes
Worthington,Brookes
Hutchings,Brookes
Boulton,Brookes
Ashley,Brookes
Rennie,Brookes
Edgar,Brookes
Barratt,Brookes
Wilde,Brookes
Batchelor,Brookes
Jenkinson,Brookes
Dent,Brookes
Fawcett,Brookes
Rimmer,Brookes
Hendry,Brookes
Monk,Brookes
Llewellyn,Brookes
Upton,Brookes
Bingham,Brookes
Murdoch,Brookes
Kavanagh,Brookes
Clay,Brookes
Heaton,Brookes
Sharma,Brookes
Lyon,Brookes
Lilley,Brookes
McKee,Brookes
Barron,Brookes
Lester,Brookes
Dillon,Brookes
Bridges,Brookes
Gamble,Brookes
Caldwell,Brookes
Beech,Brookes
Jack,Brookes
Jeffrey,Brookes
Robb,Brookes
Handley,Brookes
Hutchison,Brookes
Hough,Brookes
Magee,Brookes
Eastwood,Brookes
Coombes,Brookes
Dunlop,Brookes
Aston,Brookes
Madden,Brookes
Wise,Brookes
Hoare,Brookes
Duff,Brookes
Horner,Brookes
Pollock,Brookes
Donald,Brookes
Lea,Brookes
Golding,Brookes
Drury,Brookes
Hogan,Brookes
Stead,Brookes
Nuttall,Brookes
Dolan,Brookes
Gilmour,Brookes
Rankin,Brookes
Connell,Brookes
Fielding,Brookes
Molloy,Brookes
Millard,Brookes
Farrow,Brookes
Leslie,Brookes
McHugh,Brookes
McDonnell,Brookes
Ayres,Brookes
Langford,Brookes
Sampson,Brookes
Hulme,Brookes
Moon,Brookes
Hawkes,Brookes
Bainbridge,Brookes
Delaney,Brookes
Strachan,Brookes
Cohen,Brookes
Rawlings,Brookes
Oakes,Brookes
Hadley,Brookes
Buxton,Brookes
Vernon,Brookes
Deacon,Brookes
Crowe,Brookes
Craven,Brookes
McCulloch,Brookes
Deakin,Brookes
Weeks,Brookes
McCallum,Brookes
McNeill,Brookes
Healy,Brookes
Hurley,Brookes
Dudley,Brookes
Castle,Brookes
Lomas,Brookes
Hardman,Brookes
Broughton,Brookes
Dick,Brookes
Bone,Brookes
Amos,Brookes
Sheridan,Brookes
Everett,Brookes
Maynard,Brookes
Worrall,Brookes
Ingham,Brookes
Higgs,Brookes
Bi,Brookes
Walmsley,Brookes
Ashby,Brookes
Fryer,Brookes
Bridge,Brookes
Skelton,Brookes
Malone,Brookes
Knott,Brookes
Robins,Brookes
Hampson,Brookes
Millington,Brookes
Innes,Brookes
Edmonds,Brookes
Goldsmith,Brookes
Rutter,Brookes
Flint,Brookes
Sumner,Brookes
Milligan,Brookes
Hackett,Brookes
Duggan,Brookes
Forrester,Brookes
Holder,Brookes
Fellows,Brookes
McPherson,Brookes
Easton,Brookes
McEwan,Brookes
Egan,Brookes
Nightingale,Brookes
Simms,Brookes
Marchant,Brookes
Peck,Brookes
Downing,Brookes
Maher,Brookes
Uddin,Brookes
Grundy,Brookes
Connelly,Brookes
Kenyon,Brookes
Lodge,Brookes
Dawes,Brookes
Moffat,Brookes
MacPherson,Brookes
Browning,Brookes
Kaye,Brookes
Harman,Brookes
Rudd,Brookes
Bristow,Brookes
Snell,Brookes
Bowles,Brookes
Bassett,Brookes
Costello,Brookes
Appleton,Brookes
Adam,Brookes
Sheldon,Brookes
Hodgkinson,Brookes
Avery,Brookes
Dowling,Brookes
Phipps,Brookes
Coe,Brookes
Prosser,Brookes
Clare,Brookes
Peel,Brookes
Prescott,Brookes
Main,Brookes
Ainsworth,Brookes
Priestley,Brookes
Daley,Brookes
Squires,Brookes
Millward,Brookes
Withers,Brookes
MacFarlane,Brookes
Ash,Brookes
Ashcroft,Brookes
Clough,Brookes
Ferris,Brookes
Wray,Brookes
Durrant,Brookes
Slack,Brookes
Driver,Brookes
Wylie,Brookes
Ralph,Brookes
Penny,Brookes
Ballard,Brookes
Wharton,Brookes
Meadows,Brookes
Gallacher,Brookes
Graves,Brookes
Milton,Brookes
Addison,Brookes
Malcolm,Brookes
Cresswell,Brookes
Wiltshire,Brookes
Hamer,Brookes
McGuinness,Brookes
Leech,Brookes
Low,Brookes
Finn,Brookes
Hillier,Brookes
Stephen,Brookes
Lunn,Brookes
Grimes,Brookes
Sherwood,Brookes
Kirkham,Brookes
Sargent,Brookes
Percival,Brookes
Pennington,Brookes
McDowell,Brookes
Pattison,Brookes
Bower,Brookes
Blackmore,Brookes
Anthony,Brookes
Warwick,Brookes
Buchan,Brookes
Rafferty,Brookes
Farr,Brookes
Coombs,Brookes
Heywood,Brookes
Broadbent,Brookes
Hibbert,Brookes
Howlett,Brookes
Wiseman,Brookes
Locke,Brookes
Lynn,Brookes
Bate,Brookes
Mulholland,Brookes
Hollis,Brookes
Seddon,Brookes
Clifton,Brookes
Roach,Brookes
Franks,Brookes
Larkin,Brookes
Boardman,Brookes
Inglis,Brookes
Carruthers,Brookes
Carmichael,Brookes
Spooner,Brookes
East,Brookes
Gibb,Brookes
Tilley,Brookes
Hardwick,Brookes
Sharman,Brookes
Pepper,Brookes
Finlay,Brookes
Roche,Brookes
Kearney,Brookes
Chaplin,Brookes
Ahmad,Brookes
Conroy,Brookes
Bloomfield,Brookes
Swann,Brookes
Copeland,Brookes
Colley,Brookes
Hassan,Brookes
Strong,Brookes
Pullen,Brookes
Pye,Brookes
Dempsey,Brookes
Ramsden,Brookes
Gosling,Brookes
Valentine,Brookes
Crouch,Brookes
Holliday,Brookes
Hawes,Brookes
McNamara,Brookes
Hook,Brookes
Fish,Brookes
Griffith,Brookes
Livingstone,Brookes
Shannon,Brookes
Mahoney,Brookes
Oldfield,Brookes
Cowie,Brookes
Bonner,Brookes
Bellamy,Brookes
Gates,Brookes
Ware,Brookes
Hinton,Brookes
Hannah,Brookes
Hampton,Brookes
Beale,Brookes
Whiteley,Brookes
McGill,Brookes
Grace,Brookes
Oxley,Brookes
Greig,Brookes
Hare,Brookes
Tierney,Brookes
Farley,Brookes
McCartney,Brookes
Harley,Brookes
Crompton,Brookes
Bromley,Brookes
Neill,Brookes
Weller,Brookes
Foreman,Brookes
Greenhalgh,Brookes
Major,Brookes
Whalley,Brookes
Salt,Brookes
Bamford,Brookes
Fulton,Brookes
Oates,Brookes
Pemberton,Brookes
Parmar,Brookes
Cowell,Brookes
Cummins,Brookes
Earl,Brookes
Eccles,Brookes
Kitchen,Brookes
Laird,Brookes
Neville,Brookes
Brand,Brookes
Bowler,Brookes
Lennon,Brookes
Beresford,Brookes
Cave,Brookes
Horn,Brookes
Hoyle,Brookes
Stirling,Brookes
Alcock,Brookes
Gilchrist,Brookes
Quigley,Brookes
Sandhu,Brookes
Goode,Brookes
Waring,Brookes
Hopkinson,Brookes
Hearn,Brookes
Morrow,Brookes
Jefferies,Brookes
Hallett,Brookes
Hague,Brookes
Legg,Brookes
Hetherington,Brookes
Rothwell,Brookes
Cutler,Brookes
Beasley,Brookes
Hastings,Brookes
Haslam,Brookes
Simons,Brookes
Crosby,Brookes
Waugh,Brookes
McDougall,Brookes
Hales,Brookes
Blyth,Brookes
Rolfe,Brookes
Hedges,Brookes
Brooke,Brookes
Hume,Brookes
Cobb,Brookes
Collett,Brookes
Selby,Brookes
Ramsey,Brookes
House,Brookes
Pilkington,Brookes
Garland,Brookes
Rashid,Brookes
Nugent,Brookes
Alderson,Brookes
France,Brookes
Wootton,Brookes
Brooker,Brookes
Atkin,Brookes
Redfern,Brookes
Churchill,Brookes
Fenwick,Brookes
Leighton,Brookes
Gore,Brookes
Hayden,Brookes
Court,Brookes
Wicks,Brookes
Keane,Brookes
Crisp,Brookes
Spicer,Brookes
Burrell,Brookes
Gillies,Brookes
Mansell,Brookes
Charlesworth,Brookes
MacGregor,Brookes
Cheetham,Brookes
Harries,Brookes
Choudhury,Brookes
Holman,Brookes
Eyre,Brookes
David,Brookes
Sayers,Brookes
Doughty,Brookes
Gerrard,Brookes
Pringle,Brookes
Batty,Brookes
Rouse,Brookes
Buckingham,Brookes
Grey,Brookes
Belcher,Brookes
Plummer,Brookes
Key,Brookes
Heron,Brookes
Samuel,Brookes
McAuley,Brookes
Beer,Brookes
McGee,Brookes
Bunting,Brookes
Edmunds,Brookes
Corrigan,Brookes
Timms,Brookes
Dunbar,Brookes
Neil,Brookes
Manley,Brookes
Pierce,Brookes
Moseley,Brookes
Angus,Brookes
Oldham,Brookes
Blackman,Brookes
Carrington,Brookes
Courtney,Brookes
Hopper,Brookes
Winstanley,Brookes
Sharples,Brookes
Downs,Brookes
Hanna,Brookes
Dickens,Brookes
Osborn,Brookes
Brough,Brookes
Cuthbert,Brookes
Mayes,Brookes
Crawley,Brookes
Purcell,Brookes
Priest,Brookes
Marlow,Brookes
Henson,Brookes
Braithwaite,Brookes
Godwin,Brookes
Cornish,Brookes
Machin,Brookes
Temple,Brookes
Wynne,Brookes
Cumming,Brookes
Burden,Brookes
Wiggins,Brookes
Baillie,Brookes
Brierley,Brookes
Ansell,Brookes
Billington,Brookes
Calder,Brookes
Waldron,Brookes
Goulding,Brookes
Meek,Brookes
Markham,Brookes
Shearer,Brookes
Ives,Brookes
McArthur,Brookes
Haworth,Brookes
Maloney,Brookes
McMullan,Brookes
Prentice,Brookes
Hand,Brookes
Jeffries,Brookes
Geddes,Brookes
Turton,Brookes
Holdsworth,Brookes
Lomax,Brookes
Downie,Brookes
Groom,Brookes
Boswell,Brookes
Mullins,Brookes
Hickey,Brookes
Sands,Brookes
Cheung,Brookes
York,Brookes
Maddison,Brookes
Homer,Brookes
Stock,Brookes
Sayer,Brookes
Gay,Brookes
Liddle,Brookes
Hemmings,Brookes
Gilmore,Brookes
Wilcock,Brookes
Jolly,Brookes
Duke,Brookes
Rich,Brookes
Askew,Brookes
Downey,Brookes
Wilkie,Brookes
McNulty,Brookes
Grimshaw,Brookes
Budd,Brookes
Tyrrell,Brookes
Carney,Brookes
Jarrett,Brookes
Mullan,Brookes
Collinson,Brookes
Rogerson,Brookes
Redman,Brookes
Brodie,Brookes
Munday,Brookes
Cherry,Brookes
Tyson,Brookes
Rawlinson,Brookes
Cahill,Brookes
Bean,Brookes
Woodhead,Brookes
Hardie,Brookes
Islam,Brookes
McCullough,Brookes
Broad,Brookes
Breen,Brookes
Lightfoot,Brookes
Jenner,Brookes
Duckworth,Brookes
Painter,Brookes
Stapleton,Brookes
Salisbury,Brookes
Roy,Brookes
MacKinnon,Brookes
McDonagh,Brookes
Wagstaff,Brookes
Falconer,Brookes
Booker,Brookes
Styles,Brookes
Chisholm,Brookes
Bowyer,Brookes
Brain,Brookes
Canning,Brookes
Blundell,Brookes
Cookson,Brookes
Usher,Brookes
Petrie,Brookes
Whitworth,Brookes
Varley,Brookes
Pickard,Brookes
Grice,Brookes
Sparks,Brookes
Cottrell,Brookes
Glass,Brookes
Judge,Brookes
McGovern,Brookes
Levy,Brookes
Rush,Brookes
Bushell,Brookes
Crowley,Brookes
Pickles,Brookes
Knights,Brookes
Finney,Brookes
Kirkpatrick,Brookes
Kumar,Brookes
Riches,Brookes
Stark,Brookes
Fell,Brookes
Cleary,Brookes
Mulligan,Brookes
McCall,Brookes
Crabtree,Brookes
Phelps,Brookes
Attwood,Brookes
Tuck,Brookes
Aspinall,Brookes
Bowes,Brookes
Snow,Brookes
Cruickshank,Brookes
Symonds,Brookes
Perks,Brookes
Brock,Brookes
Large,Brookes
Kendrick,Brookes
Ricketts,Brookes
Lavery,Brookes
Rodger,Brookes
Cunliffe,Brookes
Binns,Brookes
Greer,Brookes
Sneddon,Brookes
Littlewood,Brookes
MacMillan,Brookes
Birchall,Brookes
Stocks,Brookes
Rea,Brookes
Moir,Brookes
Keating,Brookes
Brewster,Brookes
Tennant,Brookes
Cavanagh,Brookes
Sheehan,Brookes
Wilding,Brookes
Hanley,Brookes
Greene,Brookes
Heard,Brookes
Bibby,Brookes
Benton,Brookes
Wilks,Brookes
Chester,Brookes
Dwyer,Brookes
Shelton,Brookes
Procter,Brookes
Button,Brookes
McNeil,Brookes
Waterhouse,Brookes
Elliot,Brookes
Urquhart,Brookes
Wren,Brookes
Corcoran,Brookes
Brazier,Brookes
Judd,Brookes
Greenfield,Brookes
Agnew,Brookes
Redmond,Brookes
Hadfield,Brookes
Pinder,Brookes
Southern,Brookes
Bass,Brookes
Towers,Brookes
Buckle,Brookes
Good,Brookes
Chauhan,Brookes
Lamont,Brookes
Metcalf,Brookes
Steer,Brookes
Lindley,Brookes
Close,Brookes
McEvoy,Brookes
Strange,Brookes
Derbyshire,Brookes
Purvis,Brookes
Watkinson,Brookes
Hamill,Brookes
Walls,Brookes
Gaskell,Brookes
Garnett,Brookes
Grieve,Brookes
Stroud,Brookes
Peach,Brookes
Timmins,Brookes
Gower,Brookes
Laws,Brookes
Fairclough,Brookes
Buckland,Brookes
Friend,Brookes
Coulter,Brookes
Tasker,Brookes
Sargeant,Brookes
Neilson,Brookes
Hind,Brookes
Ling,Brookes
Sparkes,Brookes
Unsworth,Brookes
Higham,Brookes
Burn,Brookes
Lines,Brookes
Sim,Brookes
Mair,Brookes
Flood,Brookes
Waddington,Brookes
Eldridge,Brookes
Crooks,Brookes
Dove,Brookes
Parish,Brookes
Perrin,Brookes
Bottomley,Brookes
Busby,Brookes
Orchard,Brookes
Tracey,Brookes
Hazell,Brookes
Jacques,Brookes
Abraham,Brookes
Chowdhury,Brookes
Round,Brookes
Bryce,Brookes
Kingston,Brookes
Hedley,Brookes
Driscoll,Brookes
Gillett,Brookes
Isaac,Brookes
Crocker,Brookes
Cronin,Brookes
Ashford,Brookes
Melville,Brookes
Compton,Brookes
Eden,Brookes
Butterfield,Brookes
Everitt,Brookes
Stones,Brookes
Willoughby,Brookes
Edmondson,Brookes
Dewar,Brookes
Almond,Brookes
Birkett,Brookes
Michael,Brookes
Shirley,Brookes
MacRae,Brookes
Mears,Brookes
Jardine,Brookes
Broadhurst,Brookes
Fairhurst,Brookes
Elder,Brookes
Christian,Brookes
Keeling,Brookes
McGarry,Brookes
Hussey,Brookes
Newby,Brookes
Guthrie,Brookes
Bayley,Brookes
Philpott,Brookes
Cockburn,Brookes
Garside,Brookes
Chivers,Brookes
Shelley,Brookes
Penfold,Brookes
Critchley,Brookes
Hanlon,Brookes
Rowan,Brookes
Jefferson,Brookes
Riddell,Brookes
Parfitt,Brookes
Greenaway,Brookes
Grove,Brookes
Morrell,Brookes
Higginson,Brookes
Hillman,Brookes
Sexton,Brookes
Hopwood,Brookes
Royle,Brookes
Gregson,Brookes
Cosgrove,Brookes
Wadsworth,Brookes
Hindle,Brookes
Jarman,Brookes
Staples,Brookes
Galbraith,Brookes
Overton,Brookes
Whitmore,Brookes
Sweet,Brookes